/Master Collection/Podloga, Kantowka 5x10 C24 Impregnowana ciśnieniowo 4m nr 1, 0.050, 0.196, 4.500,
/Master Collection/Podloga, Kantowka 5x10 C24 Impregnowana ciśnieniowo 1, 0.050, 0.196, 2.900,
/Master Collection/Podloga, Kantowka 5x10 C24 Impregnowana ciśnieniowo 4m nr 2, 0.050, 0.196, 4.502,
/Master Collection/Podloga, Kantowka 5x10 C24 Impregnowana ciśnieniowo 2, 0.050, 0.196, 2.900,
/Master Collection/Podloga, Kantowka 5x10 C24 Impregnowana ciśnieniowo 3, 0.050, 0.196, 2.900,
/Master Collection/Podloga, Kantowka 5x10 C24 Impregnowana ciśnieniowo 4, 0.050, 0.196, 2.900,
/Master Collection/Podloga, Kantowka 5x10 C24 Impregnowana ciśnieniowo 5, 0.050, 0.196, 2.900,
/Master Collection/Podloga, Kantowka 5x10 C24 Impregnowana ciśnieniowo 6, 0.050, 0.196, 2.900,
/Master Collection/Podloga, Kantowka 5x10 C24 Impregnowana ciśnieniowo 7, 0.050, 0.196, 2.900,
/Master Collection/Podloga, Kantowka 5x10 C24 Impregnowana ciśnieniowo 8, 0.050, 0.196, 2.900,
/Master Collection/Podloga, Kantowka 5x10 C24 Impregnowana ciśnieniowo 9, 0.050, 0.196, 2.900,
/Master Collection/Podloga, Kantowka 5x10 C24 Impregnowana ciśnieniowo 10, 0.050, 0.196, 2.900,
/Master Collection/Podloga, Kantowka 5x10 C24 Impregnowana ciśnieniowo 11, 0.050, 0.196, 2.900,
/Master Collection/Podloga, Sklejka 250x125x0.4, 4.500, 3.000, 0.004,
/Master Collection/Podloga, Kantowka 5x10 C24 Impregnowana ciśnieniowo 11.001, 0.050, 0.196, 2.900,
/Master Collection/Podloga, Kantowka 5x10 C24 Impregnowana ciśnieniowo 11.002, 0.050, 0.196, 2.900,
/Master Collection/Podloga, Kantowka 5x10 C24 Impregnowana ciśnieniowo 4m nr 1.001, 0.050, 0.196, 0.325,
/Master Collection/Podloga, Kantowka 5x10 C24 Impregnowana ciśnieniowo 4m nr 1.002, 0.050, 0.196, 0.350,
/Master Collection/Podloga, Kantowka 5x10 C24 Impregnowana ciśnieniowo 4m nr 1.003, 0.050, 0.196, 0.350,
/Master Collection/Podloga, Kantowka 5x10 C24 Impregnowana ciśnieniowo 4m nr 1.004, 0.050, 0.196, 0.350,
/Master Collection/Podloga, Kantowka 5x10 C24 Impregnowana ciśnieniowo 4m nr 1.005, 0.050, 0.196, 0.350,
/Master Collection/Podloga, Kantowka 5x10 C24 Impregnowana ciśnieniowo 4m nr 1.006, 0.050, 0.196, 0.150,
/Master Collection/Podloga, Kantowka 5x10 C24 Impregnowana ciśnieniowo 4m nr 1.011, 0.050, 0.196, 0.350,
/Master Collection/Podloga, Kantowka 5x10 C24 Impregnowana ciśnieniowo 4m nr 1.010, 0.050, 0.196, 0.350,
/Master Collection/Podloga, Kantowka 5x10 C24 Impregnowana ciśnieniowo 4m nr 1.009, 0.050, 0.196, 0.350,
/Master Collection/Podloga, Kantowka 5x10 C24 Impregnowana ciśnieniowo 4m nr 1.008, 0.050, 0.196, 0.350,
/Master Collection/Podloga, Kantowka 5x10 C24 Impregnowana ciśnieniowo 4m nr 1.007, 0.050, 0.196, 0.350,
/Master Collection/Podloga, Kantowka 5x10 C24 Impregnowana ciśnieniowo 4m nr 1.012, 0.050, 0.196, 0.225,
/Master Collection/Strop, Kantowka 5x10 C24 Impregnowana ciśnieniowo 4m nr 2.001, 0.050, 0.150, 1.450,
/Master Collection/Strop, Kantowka 5x10 C24 Impregnowana ciśnieniowo 4m nr 2.002, 0.050, 0.150, 3.000,
/Master Collection/Strop, Kantowka 5x10 C24 Impregnowana ciśnieniowo 4m nr 2.003, 0.050, 0.150, 1.450,
/Master Collection/Strop, Kantowka 5x10 C24 Impregnowana ciśnieniowo 4m nr 2.004, 0.050, 0.150, 3.000,
/Master Collection/Strop, Kantowka 5x10 C24 Impregnowana ciśnieniowo 4m nr 2.005, 0.050, 0.150, 1.450,
/Master Collection/Strop, Kantowka 5x10 C24 Impregnowana ciśnieniowo 4m nr 2.006, 0.050, 0.150, 1.450,
/Master Collection/Strop, Kantowka 5x10 C24 Impregnowana ciśnieniowo 4m nr 2.007, 0.050, 0.150, 1.450,
/Master Collection/Strop, Kantowka 5x10 C24 Impregnowana ciśnieniowo 4m nr 2.008, 0.050, 0.150, 1.450,
/Master Collection/Strop, Kantowka 5x10 C24 Impregnowana ciśnieniowo 4m nr 2.009, 0.050, 0.150, 1.450,
/Master Collection/Strop, Kantowka 5x10 C24 Impregnowana ciśnieniowo 4m nr 2.010, 0.050, 0.150, 1.450,
/Master Collection/Strop, Kantowka 5x10 C24 Impregnowana ciśnieniowo 4m nr 2.011, 0.050, 0.150, 1.450,
/Master Collection/Strop, Sklejka 250x125x0.001, 1.550, 3.000, 0.004,
/Master Collection/Dach/Główny, Kantowka 5x10 C24.127, 1.475, 0.050, 1.125,
/Master Collection/Dach/Główny, Kantowka 5x10 C24.128, 1.775, 0.050, 1.387,
/Master Collection/Dach/Główny, Kantowka 5x10 C24.129, 1.775, 0.050, 1.387,
/Master Collection/Dach/Główny, Kantowka 5x10 C24.130, 1.475, 0.050, 1.125,
/Master Collection/Dach/Główny, Kantowka 5x10 C24.131, 1.475, 0.050, 1.125,
/Master Collection/Dach/Główny, Kantowka 5x10 C24.132, 1.775, 0.050, 1.387,
/Master Collection/Dach/Główny, Kantowka 5x10 C24.133, 1.775, 0.050, 1.387,
/Master Collection/Dach/Główny, Kantowka 5x10 C24.134, 1.475, 0.050, 1.125,
/Master Collection/Dach/Główny, Kantowka 5x10 C24.135, 1.475, 0.050, 1.125,
/Master Collection/Dach/Główny, Kantowka 5x10 C24.136, 1.775, 0.050, 1.387,
/Master Collection/Dach/Główny, Kantowka 5x10 C24.137, 1.775, 0.050, 1.387,
/Master Collection/Dach/Główny, Kantowka 5x10 C24.138, 1.475, 0.050, 1.125,
/Master Collection/Dach/Główny, Kantowka 5x10 C24.139, 1.475, 0.050, 1.125,
/Master Collection/Dach/Główny, Kantowka 5x10 C24.140, 1.775, 0.050, 1.387,
/Master Collection/Dach/Główny, Kantowka 5x10 C24.141, 1.775, 0.050, 1.387,
/Master Collection/Dach/Główny, Kantowka 5x10 C24.142, 1.475, 0.050, 1.125,
/Master Collection/Dach/Główny, Kantowka 5x10 C24.143, 1.475, 0.050, 1.125,
/Master Collection/Dach/Główny, Kantowka 5x10 C24.144, 0.100, 0.050, 0.975,
/Master Collection/Dach/Główny, Kantowka 5x10 C24.145, 0.100, 0.050, 0.691,
/Master Collection/Dach/Główny, Kantowka 5x10 C24.146, 0.100, 0.050, 0.406,
/Master Collection/Dach/Główny, Kantowka 5x10 C24.147, 0.100, 0.050, 0.121,
/Master Collection/Dach/Główny, Kantowka 5x10 C24.148, 0.100, 0.050, 1.615,
/Master Collection/Dach/Główny, Kantowka 5x10 C24.149, 0.100, 0.050, 1.615,
/Master Collection/Dach/Główny, Kantowka 5x10 C24.150, 0.100, 0.050, 0.691,
/Master Collection/Dach/Główny, Kantowka 5x10 C24.151, 0.100, 0.050, 0.406,
/Master Collection/Dach/Główny, Kantowka 5x10 C24.152, 0.100, 0.050, 0.121,
/Master Collection/Dach/Główny, Kantowka 5x10 C24.153, 0.100, 0.050, 0.121,
/Master Collection/Dach/Główny, Kantowka 5x10 C24.154, 0.100, 0.050, 0.406,
/Master Collection/Dach/Główny, Kantowka 5x10 C24.155, 0.100, 0.050, 0.691,
/Master Collection/Dach/Główny, Kantowka 5x10 C24.156, 0.100, 0.050, 1.615,
/Master Collection/Dach/Główny, Kantowka 5x10 C24.157, 0.100, 0.050, 1.615,
/Master Collection/Dach/Główny, Kantowka 5x10 C24.158, 0.100, 0.050, 0.121,
/Master Collection/Dach/Główny, Kantowka 5x10 C24.159, 0.100, 0.050, 0.406,
/Master Collection/Dach/Główny, Kantowka 5x10 C24.160, 0.100, 0.050, 0.691,
/Master Collection/Dach/Główny, Kantowka 5x10 C24.161, 0.100, 0.050, 0.975,
/Master Collection/Dach/Główny, Kantowka 5x10 C24.162, 1.775, 0.050, 1.387,
/Master Collection/Dach/Główny, Kantowka 5x10 C24.163, 0.050, 5.100, 0.150,
/Master Collection/Dach/Główny, Kantowka 5x10 C24.164, 0.050, 5.100, 0.150,
/Master Collection/Dach/Główny, Kantowka 5x10 C24.165, 1.787, 0.050, 1.434,
/Master Collection/Dach/Główny, Kantowka 5x10 C24.166, 1.485, 0.050, 1.223,
/Master Collection/Dach/Główny, Kantowka 5x10 C24.167, 1.485, 0.050, 1.223,
/Master Collection/Dach/Główny, Kantowka 5x10 C24.168, 1.787, 0.050, 1.434,
/Master Collection/Dach/Główny, Kantowka 5x10 C24.169, 0.100, 0.050, 0.250,
/Master Collection/Dach/Główny, Kantowka 5x10 C24.170, 0.100, 0.050, 0.250,
/Master Collection/Dach/Główny, Kantowka 5x10 C24.171, 0.100, 0.050, 0.250,
/Master Collection/Dach/Główny, Kantowka 5x10 C24.172, 0.100, 0.050, 0.250,
/Master Collection/Dach/Główny, Kantowka 5x10 C24.173, 0.100, 0.050, 0.250,
/Master Collection/Dach/Główny, Kantowka 5x10 C24.175, 0.100, 0.050, 0.250,
/Master Collection/Dach/Główny, Kantowka 5x10 C24.176, 0.100, 0.050, 0.250,
/Master Collection/Dach/Główny, Kantowka 5x10 C24.177, 0.100, 0.050, 0.250,
/Master Collection/Dach/Główny, Kantowka 5x10 C24.178, 0.100, 0.050, 0.250,
/Master Collection/Dach/Główny, Kantowka 5x10 C24.179, 0.100, 0.050, 0.250,
/Master Collection/Dach/Główny, Kantowka 5x10 C24.180, 0.100, 0.050, 0.250,
/Master Collection/Dach/Główny, Kantowka 5x10 C24.181, 0.100, 0.050, 0.250,
/Master Collection/Dach/Główny, Kantowka 5x10 C24.182, 0.100, 0.050, 0.250,
/Master Collection/Dach/Główny, Kantowka 5x10 C24.184, 0.100, 0.050, 0.250,
/Master Collection/Dach/Główny, Kantowka 5x10 C24.185, 0.100, 0.050, 0.250,
/Master Collection/Dach/Główny, Kantowka 5x10 C24.186, 0.100, 0.050, 0.250,
/Master Collection/Dach/Główny, Kantowka 5x10 C24.187, 0.100, 0.050, 0.250,
/Master Collection/Dach/Główny, Kantowka 5x10 C24.188, 0.100, 0.050, 0.250,
/Master Collection/Dach/Główny, Kantowka 5x20 C24 Impregnowana ciśnieniowo KROKIEW, 0.050, 0.150, 5.100,
/Master Collection/Dach/Taras/Łaty, Cube.011, 0.030, 5.100, 0.020,
/Master Collection/Dach/Taras/Łaty, Cube.012, 0.030, 5.100, 0.020,
/Master Collection/Dach/Taras/Łaty, Cube.013, 0.030, 5.100, 0.020,
/Master Collection/Dach/Taras/Łaty, Cube.014, 0.030, 5.100, 0.020,
/Master Collection/Dach/Taras/Łaty, Cube.015, 0.030, 5.100, 0.020,
/Master Collection/Dach/Taras, Kantowka 5x10 C24.174, 2.496, 0.050, 0.100,
/Master Collection/Dach/Taras, Kantowka 5x10 C24.183, 2.496, 0.050, 0.100,
/Master Collection/Dach/Taras, Kantowka 5x10 C24.189, 2.496, 0.050, 0.100,
/Master Collection/Dach/Taras, Kantowka 5x10 C24.190, 2.496, 0.050, 0.100,
/Master Collection/Dach/Taras, Kantowka 5x10 C24.191, 2.496, 0.050, 0.100,
/Master Collection/Dach/Taras, Kantowka 5x10 C24.192, 2.496, 0.050, 0.100,
/Master Collection/Dach/Taras, Kantowka 5x10 C24.193, 2.496, 0.050, 0.100,
/Master Collection/Dach/Taras, Kantowka 5x10 C24.194, 2.496, 0.050, 0.100,
/Master Collection/Dach/Taras, Kantowka 5x10 C24.195, 2.496, 0.050, 0.100,
/Master Collection/Dach/Taras, Kantowka 5x10 C24.196, 0.050, 5.100, 0.150,
/Master Collection/Dach/Taras, Cube, 2.450, 0.050, 0.540,
/Master Collection/Dach/Taras, Cube.001, 2.450, 0.050, 0.540,
/Master Collection/Dach, Plane.012, 2.496, 5.100, 0.397,
/Master Collection/Sciany/Ściana 1, Kantowka 5x10 C24, 0.100, 0.050, 0.500,
/Master Collection/Sciany/Ściana 1, Kantowka 5x10 C24.001, 0.100, 0.050, 2.850,
/Master Collection/Sciany/Ściana 1, Kantowka 5x10 C24.002, 0.100, 0.050, 0.300,
/Master Collection/Sciany/Ściana 1, Kantowka 5x10 C24.003, 0.100, 0.050, 1.600,
/Master Collection/Sciany/Ściana 1, Kantowka 5x10 C24.007, 0.100, 0.050, 2.450,
/Master Collection/Sciany/Ściana 1, Kantowka 5x10 C24.008, 0.100, 0.050, 2.450,
/Master Collection/Sciany/Ściana 1, Kantowka 5x10 C24.054, 0.100, 0.050, 2.050,
/Master Collection/Sciany/Ściana 1, Kantowka 5x10 C24.004, 0.100, 0.050, 2.450,
/Master Collection/Sciany/Ściana 1, Kantowka 5x10 C24.005, 0.100, 0.050, 2.050,
/Master Collection/Sciany/Ściana 1, Kantowka 5x10 C24.006, 0.100, 0.050, 1.600,
/Master Collection/Sciany/Ściana 1, Kantowka 5x10 C24.013, 0.100, 0.050, 2.450,
/Master Collection/Sciany/Ściana 1, Kantowka 5x10 C24.056, 0.100, 0.050, 0.850,
/Master Collection/Sciany/Ściana 1, Kantowka 5x10 C24.079, 0.100, 0.050, 0.300,
/Master Collection/Sciany/Ściana 1, Kantowka 5x10 C24.080, 0.100, 0.050, 0.300,
/Master Collection/Sciany/Ściana 1, Kantowka 5x10 C24.081, 0.100, 0.050, 0.300,
/Master Collection/Sciany/Ściana 1, Kantowka 5x10 C24.082, 0.100, 0.050, 2.450,
/Master Collection/Sciany/Ściana 1, Kantowka 5x10 C24.055, 0.100, 0.050, 4.500,
/Master Collection/Sciany/Ściana 2, Kantowka 5x10 C24.014, 0.100, 0.050, 2.850,
/Master Collection/Sciany/Ściana 2, Kantowka 5x10 C24.015, 0.100, 0.050, 2.850,
/Master Collection/Sciany/Ściana 2, Kantowka 5x10 C24.016, 0.100, 0.050, 2.450,
/Master Collection/Sciany/Ściana 2, Kantowka 5x10 C24.017, 0.100, 0.050, 0.950,
/Master Collection/Sciany/Ściana 2, Kantowka 5x10 C24.018, 0.100, 0.050, 2.450,
/Master Collection/Sciany/Ściana 2, Kantowka 5x10 C24.019, 0.100, 0.050, 2.450,
/Master Collection/Sciany/Ściana 2, Kantowka 5x10 C24.020, 0.100, 0.050, 2.450,
/Master Collection/Sciany/Ściana 2, Kantowka 5x10 C24.021, 0.100, 0.050, 2.450,
/Master Collection/Sciany/Ściana 2, Kantowka 5x10 C24.022, 0.100, 0.050, 2.450,
/Master Collection/Sciany/Ściana 2, Kantowka 5x10 C24.023, 0.100, 0.050, 2.450,
/Master Collection/Sciany/Ściana 2, Kantowka 5x10 C24.027, 0.100, 0.050, 4.500,
/Master Collection/Sciany/Ściana 2, Kantowka 5x10 C24.069, 0.100, 0.050, 0.750,
/Master Collection/Sciany/Ściana 2, Kantowka 5x10 C24.070, 0.100, 0.050, 2.450,
/Master Collection/Sciany/Ściana 2, Kantowka 5x10 C24.071, 0.100, 0.050, 0.750,
/Master Collection/Sciany/Ściana 2, Kantowka 5x10 C24.072, 0.100, 0.050, 0.950,
/Master Collection/Sciany/Ściana 2, Kantowka 5x10 C24.073, 0.100, 0.050, 0.500,
/Master Collection/Sciany/Ściana 2, Kantowka 5x10 C24.074, 0.100, 0.050, 0.500,
/Master Collection/Sciany/Ściana 2, Kantowka 5x10 C24.075, 0.100, 0.050, 0.500,
/Master Collection/Sciany/Sciana 3, Kantowka 5x10 C24.028, 0.100, 0.050, 0.800,
/Master Collection/Sciany/Sciana 3, Kantowka 5x10 C24.029, 0.100, 0.050, 3.000,
/Master Collection/Sciany/Sciana 3, Kantowka 5x10 C24.030, 0.100, 0.050, 2.800,
/Master Collection/Sciany/Sciana 3, Kantowka 5x10 C24.031, 0.100, 0.050, 2.000,
/Master Collection/Sciany/Sciana 3, Kantowka 5x10 C24.032, 0.100, 0.050, 2.000,
/Master Collection/Sciany/Sciana 3, Kantowka 5x10 C24.033, 0.100, 0.050, 2.000,
/Master Collection/Sciany/Sciana 3, Kantowka 5x10 C24.034, 0.100, 0.050, 2.000,
/Master Collection/Sciany/Sciana 3, Kantowka 5x10 C24.035, 0.100, 0.050, 1.900,
/Master Collection/Sciany/Sciana 3, Kantowka 5x10 C24.036, 0.100, 0.050, 1.900,
/Master Collection/Sciany/Sciana 3, Kantowka 5x10 C24.037, 0.100, 0.050, 2.000,
/Master Collection/Sciany/Sciana 3, Kantowka 5x10 C24.038, 0.100, 0.050, 1.600,
/Master Collection/Sciany/Sciana 3, Kantowka 5x10 C24.039, 0.100, 0.050, 2.000,
/Master Collection/Sciany/Sciana 3, Kantowka 5x10 C24.040, 0.100, 0.050, 2.000,
/Master Collection/Sciany/Sciana 3, Kantowka 5x10 C24.077, 0.100, 0.050, 0.700,
/Master Collection/Sciany/Sciana 3, Kantowka 5x10 C24.076, 0.100, 0.050, 1.600,
/Master Collection/Sciany/Sciana 4, Kantowka 5x10 C24.041, 0.100, 0.050, 3.000,
/Master Collection/Sciany/Sciana 4, Kantowka 5x10 C24.042, 0.100, 0.050, 3.000,
/Master Collection/Sciany/Sciana 4, Kantowka 5x10 C24.043, 0.100, 0.050, 2.800,
/Master Collection/Sciany/Sciana 4, Kantowka 5x10 C24.044, 0.100, 0.050, 2.450,
/Master Collection/Sciany/Sciana 4, Kantowka 5x10 C24.045, 0.100, 0.050, 2.450,
/Master Collection/Sciany/Sciana 4, Kantowka 5x10 C24.046, 0.100, 0.050, 2.450,
/Master Collection/Sciany/Sciana 4, Kantowka 5x10 C24.047, 0.100, 0.050, 2.450,
/Master Collection/Sciany/Sciana 4, Kantowka 5x10 C24.048, 0.100, 0.050, 2.450,
/Master Collection/Sciany/Sciana 4, Kantowka 5x10 C24.049, 0.100, 0.050, 0.750,
/Master Collection/Sciany/Sciana 4, Kantowka 5x10 C24.050, 0.100, 0.050, 2.450,
/Master Collection/Sciany/Sciana 4, Kantowka 5x10 C24.051, 0.100, 0.050, 2.450,
/Master Collection/Sciany/Sciana 4, Kantowka 5x10 C24.052, 0.100, 0.050, 2.450,
/Master Collection/Sciany/Sciana 4, Kantowka 5x10 C24.053, 0.100, 0.050, 2.450,
/Master Collection/Sciany/Sciana 4, Kantowka 5x10 C24.058, 0.100, 0.050, 2.450,
/Master Collection/Sciany/Sciana 4, Kantowka 5x10 C24.059, 0.100, 0.050, 0.900,
/Master Collection/Sciany/Sciana 4, Kantowka 5x10 C24.060, 0.100, 0.050, 0.750,
/Master Collection/Sciany/Sciana 4, Kantowka 5x10 C24.061, 0.100, 0.050, 0.750,
/Master Collection/Sciany/Sciana 4, Kantowka 5x10 C24.062, 0.100, 0.050, 0.750,
/Master Collection/Sciany/Sciana 4, Kantowka 5x10 C24.063, 0.100, 0.050, 0.900,
/Master Collection/Sciany/Sciana 4, Kantowka 5x10 C24.064, 0.100, 0.050, 0.900,
/Master Collection/Sciany/Sciana 4, Kantowka 5x10 C24.065, 0.100, 0.050, 0.950,
/Master Collection/Sciany/Sciana 4, Kantowka 5x10 C24.066, 0.100, 0.050, 0.950,
/Master Collection/Sciany/Sciana 4, Kantowka 5x10 C24.067, 0.100, 0.050, 0.950,
/Master Collection/Sciany/Sciana 4, Kantowka 5x10 C24.068, 0.100, 0.050, 0.950,
/Master Collection/Sciany/Sciana 5, Kantowka 5x10 C24.010, 0.100, 0.050, 2.000,
/Master Collection/Sciany/Sciana 5, Kantowka 5x10 C24.011, 0.100, 0.050, 2.000,
/Master Collection/Sciany/Sciana 5, Kantowka 5x10 C24.012, 0.100, 0.050, 2.000,
/Master Collection/Sciany/Sciana 5, Kantowka 5x10 C24.083, 0.100, 0.050, 1.350,
/Master Collection/Sciany/Sciana 5, Kantowka 5x10 C24.078, 0.100, 0.050, 2.000,
/Master Collection/Sciany/Sciana 5, Kantowka 5x10 C24.084, 0.100, 0.050, 1.550,
/Master Collection/Sciany/Sciana 5, Kantowka 5x10 C24.085, 0.100, 0.050, 1.350,
/Master Collection/Sciany/Sciana 5, Kantowka 5x10 C24.009, 0.100, 0.050, 2.000,
/Master Collection/Sciany/Sciana 6, Kantowka 5x10 C24.024, 0.100, 0.050, 1.350,
/Master Collection/Sciany/Sciana 6, Kantowka 5x10 C24.025, 0.100, 0.050, 1.550,
/Master Collection/Sciany/Sciana 6, Kantowka 5x10 C24.026, 0.100, 0.050, 1.350,
/Master Collection/Sciany/Sciana 6, Kantowka 5x10 C24.057, 0.100, 0.050, 2.000,
/Master Collection/Sciany/Sciana 6, Kantowka 5x10 C24.086, 0.100, 0.050, 2.000,
/Master Collection/Sciany/Sciana 6, Kantowka 5x10 C24.087, 0.100, 0.050, 2.000,
/Master Collection/Sciany/Sciana 6, Kantowka 5x10 C24.088, 0.100, 0.050, 2.000,
/Master Collection/Sciany/Sciana 6, Kantowka 5x10 C24.089, 0.100, 0.050, 2.000,
/Master Collection/Sciany/Sciana nośna, Kantowka 5x10 C24.090, 0.100, 0.050, 2.800,
/Master Collection/Sciany/Sciana nośna, Kantowka 5x10 C24.091, 0.100, 0.050, 3.000,
/Master Collection/Sciany/Sciana nośna, Kantowka 5x10 C24.092, 0.100, 0.050, 2.000,
/Master Collection/Sciany/Sciana nośna, Kantowka 5x10 C24.093, 0.100, 0.050, 2.000,
/Master Collection/Sciany/Sciana nośna, Kantowka 5x10 C24.094, 0.100, 0.050, 3.000,
/Master Collection/Sciany/Sciana nośna, Kantowka 5x10 C24.095, 0.100, 0.050, 2.000,
/Master Collection/Sciany/Sciana nośna, Kantowka 5x10 C24.096, 0.100, 0.050, 2.000,
/Master Collection/Sciany/Sciana nośna, Kantowka 5x10 C24.097, 0.100, 0.050, 2.000,
/Master Collection/Sciany/Sciana nośna, Kantowka 5x10 C24.098, 0.100, 0.050, 2.000,
/Master Collection/Sciany/Sciana nośna, Kantowka 5x10 C24.099, 0.100, 0.050, 2.000,
/Master Collection/Sciany/Sciana nośna, Kantowka 5x10 C24.100, 0.100, 0.050, 2.000,
/Master Collection/Sciany/Sciana nośna, Kantowka 5x10 C24.101, 0.100, 0.050, 2.000,
/Master Collection/Sciany/Kolankowa 1, Kantowka 5x10 C24.102, 0.100, 0.050, 0.146,
/Master Collection/Sciany/Kolankowa 1, Kantowka 5x10 C24.103, 0.100, 0.050, 0.146,
/Master Collection/Sciany/Kolankowa 1, Kantowka 5x10 C24.104, 0.100, 0.050, 1.450,
/Master Collection/Sciany/Kolankowa 1, Kantowka 5x10 C24.105, 0.100, 0.050, 1.450,
/Master Collection/Sciany/Kolankowa 1, Kantowka 5x10 C24.106, 0.100, 0.050, 0.146,
/Master Collection/Sciany/Kolankowa 1, Kantowka 5x10 C24.107, 0.100, 0.050, 0.146,
/Master Collection/Sciany/Kolankowa 1, Kantowka 5x10 C24.108, 0.100, 0.050, 0.146,
/Master Collection/Sciany/Kolankowa 2, Kantowka 5x10 C24.109, 0.100, 0.050, 0.146,
/Master Collection/Sciany/Kolankowa 2, Kantowka 5x10 C24.110, 0.100, 0.050, 0.146,
/Master Collection/Sciany/Kolankowa 2, Kantowka 5x10 C24.111, 0.100, 0.050, 0.146,
/Master Collection/Sciany/Kolankowa 2, Kantowka 5x10 C24.112, 0.100, 0.050, 1.450,
/Master Collection/Sciany/Kolankowa 2, Kantowka 5x10 C24.113, 0.100, 0.050, 1.450,
/Master Collection/Sciany/Kolankowa 2, Kantowka 5x10 C24.114, 0.100, 0.050, 0.146,
/Master Collection/Sciany/Kolankowa 2, Kantowka 5x10 C24.115, 0.100, 0.050, 0.146,
/Master Collection/Sciany/Kolankowa 3, Kantowka 5x10 C24.116, 0.100, 0.050, 3.000,
/Master Collection/Sciany/Kolankowa 3, Kantowka 5x10 C24.117, 0.100, 0.050, 3.000,
/Master Collection/Sciany/Kolankowa 3, Kantowka 5x10 C24.118, 0.100, 0.050, 2.800,
/Master Collection/Sciany/Kolankowa 3, Kantowka 5x10 C24.119, 0.100, 0.050, 0.146,
/Master Collection/Sciany/Kolankowa 3, Kantowka 5x10 C24.120, 0.100, 0.050, 0.146,
/Master Collection/Sciany/Kolankowa 3, Kantowka 5x10 C24.121, 0.100, 0.050, 0.146,
/Master Collection/Sciany/Kolankowa 3, Kantowka 5x10 C24.122, 0.100, 0.050, 0.146,
/Master Collection/Sciany/Kolankowa 3, Kantowka 5x10 C24.123, 0.100, 0.050, 0.146,
/Master Collection/Sciany/Kolankowa 3, Kantowka 5x10 C24.124, 0.100, 0.050, 0.146,
/Master Collection/Sciany/Kolankowa 3, Kantowka 5x10 C24.125, 0.100, 0.050, 0.146,
/Master Collection/Słupy, Cube.002, 0.200, 0.200, 1.199,
/Master Collection/Słupy, Cube.003, 0.200, 0.200, 1.199,
/Master Collection/Słupy, Cube.004, 0.200, 0.200, 1.499,
/Master Collection/Słupy, Cube.005, 0.200, 0.200, 1.499,
/Master Collection/Słupy, Cube.006, 0.200, 0.200, 1.696,
/Master Collection/Słupy, Cube.007, 0.200, 0.200, 1.696,
/Master Collection/Słupy, Cube.008, 0.100, 0.100, 3.907,
/Master Collection/Słupy, Cube.009, 0.100, 0.100, 3.710,
/Master Collection/Słupy, Cube.010, 0.100, 0.100, 3.410,
/Master Collection/Słupy, Cube.016, 0.100, 4.400, 0.100,
/Master Collection/Słupy, Cube.017, 0.100, 0.396, 0.396,
/Master Collection/Słupy, Cube.018, 0.100, 0.396, 0.396,
/Master Collection/Słupy, Cube.019, 0.100, 0.396, 0.396,
/Master Collection/Słupy, Cube.020, 0.100, 0.396, 0.396,
/Master Collection/OSB, Plane.007, 3.012, 4.512, 2.800,
/Master Collection/OSB, Plane.011, 1.828, 5.100, 1.304,
/Master Collection/OSB, Plane.010, 1.479, 5.100, 1.057,
/Master Collection/Taras.001, Kantowka 5x10 C24 Impregnowana ciśnieniowo 1.001, 0.050, 0.196, 2.145,
/Master Collection/Taras.001, Kantowka 5x10 C24 Impregnowana ciśnieniowo 10.001, 0.050, 0.196, 2.145,
/Master Collection/Taras.001, Kantowka 5x10 C24 Impregnowana ciśnieniowo 11.005, 0.050, 0.196, 2.145,
/Master Collection/Taras.001, Kantowka 5x10 C24 Impregnowana ciśnieniowo 11.004, 0.050, 0.196, 2.145,
/Master Collection/Taras.001, Kantowka 5x10 C24 Impregnowana ciśnieniowo 11.003, 0.050, 0.196, 2.145,
/Master Collection/Taras.001, Kantowka 5x10 C24 Impregnowana ciśnieniowo 2.001, 0.050, 0.196, 2.145,
/Master Collection/Taras.001, Kantowka 5x10 C24 Impregnowana ciśnieniowo 3.001, 0.050, 0.196, 2.145,
/Master Collection/Taras.001, Kantowka 5x10 C24 Impregnowana ciśnieniowo 4.001, 0.050, 0.196, 2.145,
/Master Collection/Taras.001, Kantowka 5x10 C24 Impregnowana ciśnieniowo 4m nr 1.025, 0.050, 0.196, 4.500,
/Master Collection/Taras.001, Kantowka 5x10 C24 Impregnowana ciśnieniowo 4m nr 2.012, 0.050, 0.196, 4.502,
/Master Collection/Taras.001, Kantowka 5x10 C24 Impregnowana ciśnieniowo 5.001, 0.050, 0.196, 2.145,
/Master Collection/Taras.001, Kantowka 5x10 C24 Impregnowana ciśnieniowo 6.001, 0.050, 0.196, 2.145,
/Master Collection/Taras.001, Kantowka 5x10 C24 Impregnowana ciśnieniowo 7.001, 0.050, 0.196, 2.145,
/Master Collection/Taras.001, Kantowka 5x10 C24 Impregnowana ciśnieniowo 8.001, 0.050, 0.196, 2.145,
/Master Collection/Taras.001, Kantowka 5x10 C24 Impregnowana ciśnieniowo 9.001, 0.050, 0.196, 2.145,
/Master Collection/Taras.001, Sklejka 250x125x0.002, 4.500, 2.245, 0.004,
